Pushkar,s0.el.vlsiexpert.in,Online/offline,intern,pushkarnb1998@gmail.com,8527718813,pushkar,PUsHkR01,"icc2,dc,Pd",04-Nov-22,31-Dec-22,1 month,Enabled
Siddhu VE,s0.el.vlsiexpert.in,Online,trainer,vlsitutor4u@gmail.com,9620140849,sidduve,SiDDUVE-T,"icc2,dc,Pd",05-Nov-22,31-Dec-22,1 month,Enabled
Saket Dutta,s0.el.vlsiexpert.in,Online,student,saketdutta10@gmail.com,7903452985,saket,SAKeTD07,"icc2,dc,Pd",05-Nov-22,31-Dec-22,1 month,Enabled
Sujeet,s0.el.vlsiexpert.in,Online,student,sujeet15081997@gmail.com,"95343 45623 , 7991174607",sujeet,SUJeeT06,"icc2,dc,Pd",05-Nov-22,31-Dec-22,1 month,Enabled
Anirudth Bhattacharya,s0.el.vlsiexpert.in,Online,student,anirudhbhattaacharya@gmail.com,8318031274,anirudth,AniRUth02,"icc2,dc,Pd",05-Nov-22,31-Dec-22,1 month,Enabled
Patel Devarshi,s0.el.vlsiexpert.in,Online,student,pateldevarshi20@gmail.com,6352404017,patel,PaTELd05,"icc2,dc,Pd",05-Nov-22,31-Dec-22,1 month,Enabled
Prajwalita,s0.el.vlsiexpert.in,Online,student,prajwalita17@gmail.com,95527 19298,prajwalit,,"icc2,dc,Pd",05-Nov-22,31-Dec-22,1 month,Enabled
Siddhartha Gandham,s0.el.vlsiexpert.in,Online,student,siddusmart852@gmail.com,8919971604,siddhartha,SiDDHa03,"icc2,dc,Pd",05-Nov-22,31-Dec-22,1 month,Enabled
Mahalakshmi,s0.el.vlsiexpert.in,Online,student,vmalakshmiyadavar@gmail.com,7892508232,mahalakshmi,MahArS09,"icc2,dc,Pd",05-Nov-22,31-Dec-22,1 month,Enabled
Maharshi,s0.el.vlsiexpert.in,Online,student,maharshisanandyadav@gmail.com,72072 46617,maharshi,MAHarS09,"icc2,dc,Pd",05-Nov-22,31-Dec-22,1 month,Enabled
Ravi kumar 13,s0.el.vlsiexpert.in,Online,student,kumarravi54688@gmail.com,8383935690,ravikumar,RAViKr10,"icc2,dc,Pd",05-Nov-22,31-Dec-22,1 month,Disabled
Amit 13,s0.el.vlsiexpert.in,Online,student,amit.ak5577@gmail.com,8810287397,amit,AmiT011,"icc2,dc,Pd",05-Nov-22,31-Dec-22,1 month,Enabled
Rahul Tiwari 13,s0.el.vlsiexpert.in,Online,student,tiw.rahul45@yahoo.com,8420090567,rahul,RaHULT12,"icc2,dc,Pd",05-Nov-22,31-Dec-22,1 month,Enabled
Lahari,s0.el.vlsiexpert.in,Online,student,katukoorilahari,7032137666,lahari,LAHarI13,"icc2,dc,Pd",05-Nov-22,31-Dec-22,1 month,Enabled
Sai Subhash,s0.el.vlsiexpert.in,Online,student,saisubbu029@gmail.com,9603038314,saisubhash,SAiSub14,"icc2,dc,Pd",05-Nov-22,31-Dec-22,1 month,Enabled
Pranay,s0.el.vlsiexpert.in,Online,student,lyagapranayreddy32@gmail.com,9133653826,pranay,PRAnaY15,"icc2,dc,Pd",05-Nov-22,31-Dec-22,1 month,Enabled
Naneswara 12,s0.el.vlsiexpert.in,Online,student,naneswar.kona@gmail.com,91827 14153,naneswara,NanesW16,"icc2,dc,Pd",05-Nov-22,31-Dec-22,1 month,Enabled
Vaibhav Aggarwal 14,s1.el.vlsiexpert.in,Offline,student,vaibhavaggarwal421@gmail.com,9625626386,vaibhava0411,VaiBHA01,"tclsh,vcs",05-Nov-22,05-Feb-23,3 Month,Enabled
Vaibhav Aggarwal,s1.el.vlsiexpert.in,,,,,,,"verdi, pt",31-Dec-22,30-Mar-23,3 Month,Enabled
Chirag Gupta 14,s1.el.vlsiexpert.in,Offline,student,Chiragguptaaligarh@gmail.com,9411849938,chiragg0411,CHiragG02,"tclsh,vcs",05-Nov-22,05-Feb-23,3 Month,Enabled
Chirag Gupta,s1.el.vlsiexpert.in,,,,,,,"verdi, pt",31-Dec-22,30-Mar-23,3 Month,Enabled
Ritika Jain,s1.el.vlsiexpert.in,Offline,student,iamritikajain2726@gmail.com,81260 03094,ritikaj0411,RITiKA03,"tclsh,vcs",05-Nov-22,05-Feb-23,3 Month,Enabled
Ritika Jain,s1.el.vlsiexpert.in,,,,,,,"verdi, pt",31-Dec-22,30-Mar-23,3 Month,Enabled
Anubhav Chaudhary,s1.el.vlsiexpert.in,Offline,student,anubhavchaudhary9843@gmail.com,7238881407,anubhavc0411,AnuBHa04,"tclsh,vcs",05-Nov-22,05-Feb-23,3 Month,Enabled
Anubhav Chaudhary,s1.el.vlsiexpert.in,,,,,,,"verdi, pt",31-Dec-22,30-Mar-23,3 Month,Enabled
Sunny Gupta,s1.el.vlsiexpert.in,Offline,student,guptasunny597@gmail.com,7054863258,sunnyg0411,SUnnyG05,"tclsh,vcs",05-Nov-22,05-Feb-23,3 Month,Enabled
Sunny Gupta,s1.el.vlsiexpert.in,,,,,,,"verdi, pt",31-Dec-22,30-Mar-23,3 Month,Enabled
Santosh Yadav,s1.el.vlsiexpert.in,Offline,student,santoshyadav1031@gmail.com,77018 48533,santoshy0411,SAntos06,"tclsh,vcs",05-Nov-22,05-Feb-23,3 Month,Enabled
Santosh Yadav,s1.el.vlsiexpert.in,,,,,,,"verdi, pt",31-Dec-22,30-Mar-23,3 Month,Enabled
Sarfraj Ansari,s1.el.vlsiexpert.in,Offline,student,sarfraj.19bec@gmail.com,80525 81566,sarfraja0411,SARfrAj7,"tclsh,vcs",05-Nov-22,05-Feb-23,3 Month,Enabled
Sarfraj Ansari,s1.el.vlsiexpert.in,,,,,,,"verdi, pt",31-Dec-22,30-Mar-23,3 Month,Enabled
Nitin Singh,s1.el.vlsiexpert.in,Offline,student,nitinsingh07031995@gmail.com,9335535363,nitins0411,NiTiNS08,"tclsh,vcs",05-Nov-22,05-Feb-23,3 Month,Enabled
Nitin Singh,s1.el.vlsiexpert.in,,,,,,,"verdi, pt",31-Dec-22,30-Mar-23,3 Month,Enabled
praveen patil,s1.el.vlsiexpert.in,Offline,student,patilpraveem08@gmail.com,70908 54390,praveen0411,123@praveen,"tclsh,vcs,",06-Nov-22,06-Feb-23,3 Month,Enabled
praveen patil,s1.el.vlsiexpert.in,,,,,,,"verdi, pt",31-Dec-22,30-Mar-23,3 Month,Enabled
Moh Rabbani Akhtar,s1.el.vlsiexpert.in,Offline,student,rabbani.akhtar03@gmail.com,9315631953,rabbani0411,123@rabbani,"tclsh,vcs,",06-Nov-22,06-Feb-23,3 Month,Enabled
Moh Rabbani Akhtar,s1.el.vlsiexpert.in,,,,,,,"verdi, pt",31-Dec-22,30-Mar-23,3 Month,Enabled
Pushkar Kumar 2,s1.el.vlsiexpert.in,Offline,student,nailwalpushkar31@gmail.com,8750453872,pushkar1311,123@pushkar,"tclsh,vcs",13-Nov-22,13-Feb-23,3 Month,Enabled
Pushkar Kumar 2,s1.el.vlsiexpert.in,,,,,,,"verdi, pt",31-Dec-22,30-Mar-23,3 Month,Enabled
Azhar,s1.el.vlsiexpert.in,Offline,trainer,,,azhar0811,123@azhar,"tclsh,vcs",06-Nov-22,06-Feb-23,3 Month,Enabled
Azhar,,,,,,,,"verdi, pt",31-Dec-22,30-Mar-23,3 Month,Enabled
Ravi Ranjan Kumar,s0/s1,both,admin,ravi.rkc@sws-international.com,7973706921,ravirc,,All,,,,Enabled
Khelender sasan,Both,both,admin,ksasan@sws-international.com,8178271104,khelender,,All,,,,Enabled
puneet,Both,both,admin,Puneet@vlsiexpert.com,974033323,puneet,,All,,,,Enabled
Muddamsetty saideepak,s1.el.vlsiexpert.in,Offline,student,saideepakmuddamshetty@gmail.com,6303853192,saideepak1711,123@saideepak,"tclsh,vcs,verdi,pt",17-Nov-22,15-Feb-23,3 Month,Enabled
Shahnawaz Pattan,s1.el.vlsiexpert.in,Offline,student,shahnawazpattan888@gmail.com,9133403331,shahnawaz1711,123@shahnawaz,"tclsh,vcs,verdi,pt",17-Nov-22,15-Feb-23,3 Month,Enabled
Sukhjeet K V,s1.el.vlsiexpert.in,Offline,student,,,sukhjeetk2011,muhaPPu9,"tclsh,vcs,verdi,pt",20-Nov-22,20-Feb-23,3 Month,Enabled
Dwaipayan Bhattacharya,s1.el.vlsiexpert.in,Offline,student,,,dwaipayanb2011,6WHXctqV,"tclsh,vcs,verdi,pt",20-Nov-22,20-Feb-23,3 Month,Disabled
Ujjwal vishwakarma,s1.el.vlsiexpert.in,Offline,student,ujjwal21vishwakarma@gmail.com,8827825846,ujjwal2211,ujjwal@123,"tclsh,vcs,verdi,pt",22-Nov-22,22-Feb-23,3 Month,Enabled
Vishal Kushwaha,s1.el.vlsiexpert.in,Offline,student,vishalkushwaha7084@gmail.com,8840111365,vishal2211,vishal@123,"tclsh,vcs,verdi,pt",22-Nov-22,22-Feb-23,3 Month,Enabled
Jaseel Fayis,s0.el.vlsiexpert.in,online,insemi students,jaseel.fayis@insemitech.com,,jaseel2311,JaseeL@F,"icc2,dc,Pd",23-Nov-22,23-Feb-23,3 Month,disabled
Krishna Vamsi,s0.el.vlsiexpert.in,online,insemi students,krishna.vamsi@insemitech.com,,,kRishnaV,"icc2,dc,Pd",23-Nov-22,23-Feb-23,3 Month,disabled
Mahalakshmi Battula,s0.el.vlsiexpert.in,online,insemi students,mahalakshmi.battula@insemitech.com,,mahalakshmi2311,MAhalaks,"icc2,dc,Pd",23-Nov-22,23-Feb-23,3 Month,disabled
Santhoshini S,s0.el.vlsiexpert.in,online,insemi students,santhoshini.s@insemitech.com,,santoshini2311,kEWJLy9s,"icc2,dc,Pd",23-Nov-22,23-Feb-23,3 Month,disabled
Shaik Akhila,s0.el.vlsiexpert.in,online,insemi students,shaik.akhila@insemitech.com,,shaik2311,shaikAkh,"icc2,dc,Pd",23-Nov-22,23-Feb-23,3 Month,disabled
Affin Samuel,s0.el.vlsiexpert.in,online,insemi students,affin.samuel@insemitech.com,,affin2311,aFFinsAM,"icc2,dc,Pd",23-Nov-22,23-Feb-23,3 Month,disabled
Ganesh Taddi,s0.el.vlsiexpert.in,online,insemi students,ganesh.taddi@insemitech.com,,ganesh2311,ganeshTa,"icc2,dc,Pd",23-Nov-22,23-Feb-23,3 Month,disabled
Vamsi Krishna G,s0.el.vlsiexpert.in,online,insemi students,vamsikrishna.g@insemitech.com,,vamsi2311,vaMsiKri,"icc2,dc,Pd",23-Nov-22,23-Feb-23,3 Month,disabled
Suraj Nair,s0.el.vlsiexpert.in,online,insemi students,suraj.nair@insemitech.com,,suraj2311,surajNai,"icc2,dc,Pd",23-Nov-22,23-Feb-23,3 Month,disabled
Chinta Bharathi,s0.el.vlsiexpert.in,online,insemi students,chinta.bharathi@insemitech.com,,chinta2311,123@chinta,"icc2,dc,Pd",23-Nov-22,23-Feb-23,3 Month,disabled
sonali kumari,s0.el.vlsiexpert.in,online,insemi students,sonali.kumari@insemitech.com,,sonali2311,sonaliKU,"icc2,dc,Pd",23-Nov-22,23-Feb-23,3 Month,disabled
Sonu chourasiya,s0.el.vlsiexpert.in,online,insemi students,sonu.chourasiya@insemitech.com,,sonu2311,sonu@123,"icc2,dc,Pd",23-Nov-22,23-Feb-23,3 Month,disabled
Pravallika Machavarapu,s0.el.vlsiexpert.in,online,insemi students,pravallika.machavara@insemitech.com,,pravallika2311,praVaLLi,"icc2,dc,Pd",23-Nov-22,23-Feb-23,3 Month,disabled
Prashant Gupta,s0.el.vlsiexpert.in,online,insemi students,prashant.gupta@insemitech.com,,prashant2311,prashant,"icc2,dc,Pd",23-Nov-22,23-Feb-23,3 Month,disabled
Manoj Akurati,s0.el.vlsiexpert.in,online,insemi students,manoj.akurati@insemitech.com,,manoj2311,MAnOJAKu,"icc2,dc,Pd",23-Nov-22,23-Feb-23,3 Month,disabled
Deepak VE,s1.el.vlsiexpert.in,Offline,VE,,,deepak2611,deepak@12,"tclsh,vcs",26-Nov-22,26-Feb-23,3 Month,Enabled
Deepak VE,s1.el.vlsiexpert.in,,,,,,,"verdi, pt",31-Dec-22,30-Mar-23,3 Month,Enabled
Pushkar Kumar,s1.el.vlsiexpert.in,Online/offline,intern,pushkarnb1998@gmail.com/8527718813,8527718813,pushkar2611,PusHkar@,"tclsh,vcs",26-Nov-22,26-Feb-23,3 Month,Enabled
Pushkar Kumar,s1.el.vlsiexpert.in,,,,,,,"verdi, pt",31-Dec-22,30-Mar-23,3 Month,Enabled
Kolhe Swapnil Nanasaheb,s1.el.vlsiexpert.in,Offline,student,swapnilnk1@gmail.com,9168910868,swapnil0112,YTwtv9PF,"tclsh,vcs",01-Dec-22,28-Feb-23,3 Month,Enabled
Kolhe Swapnil Nanasaheb,s1.el.vlsiexpert.in,,,,,,,"verdi, pt",31-Dec-22,30-Mar-23,3 Month,Enabled
Nikhitha Prathipati,s0.el.vlsiexpert.in,online/insemi,student,nikhitha.prathipati@insemitech.com,,nikhitha0712,3BVKf01W,fusion compiler,07-Dec-22,31-Jan-23,1 Month,"Disabled,FC-disable"
Tousif Khan ,s0.el.vlsiexpert.in,online/insemi,student,tousif.khan@insemitech.com,,tousif0712,mzYp51T7,fusion compiler,07-Dec-22,31-Jan-23,1 Month,"Disabled,FC-disable"
Jagadeeswari Boddu,s0.el.vlsiexpert.in,online/insemi,student,jagadeeswari.boddu@insemitech.com,,jagadeeswari0712,qml3sSwl,fusion compiler,07-Dec-22,31-Jan-23,1 Month,"Disabled,FC-disable"
Karishma Shaik,s0.el.vlsiexpert.in,online/insemi,student,karishma.shaik@insemitech.com,,karishma0712,vg2Rh5x3,fusion compiler,07-Dec-22,31-Jan-23,1 Month,"Disabled,FC-disable"
Anuhya Palike,s0.el.vlsiexpert.in,online/insemi,student,anuhya.palike@insemitech.com,,anuhya0712,026rC5ap,fusion compiler,07-Dec-22,31-Jan-23,1 Month,"Disabled,FC-disable"
Naveen P,s0.el.vlsiexpert.in,online/insemi,student,naveen.p@insemitech.com,,naveen0712,2h9uG0dP,fusion compiler,07-Dec-22,31-Jan-23,1 Month,"Disabled,FC-disable"
Akhila Turlapati ,s0.el.vlsiexpert.in,online/insemi,student,akhila.turlapati@insemitech.com,,akhila0712,xDQ0XH57,fusion compiler,07-Dec-22,31-Jan-23,1 Month,"Disabled,FC-disable"
Veluri Sandeepreddy,s0.el.vlsiexpert.in,online/insemi,student,veluri.sandeepreddy@insemitech.com,,sandeepreddy0712,uK1LM113,fusion compiler,07-Dec-22,31-Jan-23,1 Month,"Disabled,FC-disable"
Sairam Muggulla,s0.el.vlsiexpert.in,online/insemi,student,sairam.muggulla@insemitech.com,,sairam0712,0a34WRkx,fusion compiler,07-Dec-22,31-Jan-23,1 Month,"Disabled,FC-disable"
Sai Teja Pavurala,s0.el.vlsiexpert.in,online/insemi,student,saiteja.pavurala@insemitech.com,,saiteja0712,TM8405Ms,fusion compiler,07-Dec-22,31-Jan-23,1 Month,"Disabled,FC-disable"
Gundimeda Geethik,s0.el.vlsiexpert.in,online/insemi,student,gundimeda.geethika@insemitech.com,,gundimeda0712,Z30r02sN,fusion compiler,07-Dec-22,31-Jan-23,1 Month,"Disabled,FC-disable"
Sreeram Dutt Jothi,s0.el.vlsiexpert.in,online/insemi,student,sreeramdutt.jothi@insemitech.com,,sreeramdutt0712,sJG80Tt4,fusion compiler,07-Dec-22,31-Jan-23,1 Month,"Disabled,FC-disable"
Deepa TD ,s0.el.vlsiexpert.in,online/insemi,student,deepatd@insemitech.com,,deepa0712,9q3Dhx2m,fusion compiler,07-Dec-22,31-Jan-23,1 Month,"Disabled,FC-disable"
Mahesh Pal,corp001s1.el.vlsiexpert.in,online,corporate,maheshpal.singh@govlsi.com,,maheshpal,URwn9oEz,pt,13-Dec-22,13-Jan-23,1 Month,Enabled
Mahesh Pal,corp001s1.el.vlsiexpert.in,online,corporate,maheshpal.singh@govlsi.com,,maheshpal,URwn9oEz,fc,03-Jan-23,03-Feb-23,1 Month,Enabled
Anantha(LVE-P1),s0.el.vlsiexpert.in,online,LVE-p1,,,lve-p1,yUg03SKl,pt,29-Dec-22,28-Feb-23,2 Month,Enabled
"Aswathi, Krishnan",s1.el.vlsiexpert.in,online,sta,Krishnanaswathi12@gmail.com,9744290248,aswathista22,LyfLBwbT,pt,31-Dec-22,30-Mar-23,3 Month,Enabled
Lalitesh D,s1.el.vlsiexpert.in,online,sta,lalitheshd97@gmail.com,9686900275,lalitsta22,LgpDikYj,pt,31-Dec-22,30-Mar-23,3 Month,Enabled
Rohan Kumar,s1.el.vlsiexpert.in,online,sta,rohan28kumar@gmail.com,7488718610,rohansta22,bMWCCLYZ,pt,31-Dec-22,30-Mar-23,3 Month,Enabled
Anuhya Gangavarapu,s1.el.vlsiexpert.in,online,sta,anuhya.gangavarapu2014@gmail.com,8680850859,anuhyasta22,oQs5euMG,pt,31-Dec-22,30-Mar-23,3 Month,Enabled
"Haranadha reddy, ",s1.el.vlsiexpert.in,online,sta,harinadh137@gmail.com,440879703,harista22,HZuaYxqD,pt,31-Dec-22,30-Mar-23,3 Month,Enabled
"Md, Khaleeluddin",s1.el.vlsiexpert.in,online,sta,khaleeluddin658@gmail.com,6300354016,khaleeluddinsta22,FzkkSsni,pt,31-Dec-22,30-Mar-23,3 Month,disabled
Lavanya Cheruku,s1.el.vlsiexpert.in,online,sta,lavanyac99645@gmail.com,9964500073,lavanyasta22,CiNiPa82,pt,31-Dec-22,30-Mar-23,3 Month,Enabled
Ravi G ,s1.el.vlsiexpert.in,online,sta,g.raviyadav@gmail.com,9739004081,rkiransta22,JaK7w72o,pt,31-Dec-22,30-Mar-23,3 Month,Enabled
Pooja Shinde,s1.el.vlsiexpert.in,online,sta,vpoojashinde@gmail.com,9790701325,pshindesta22,6T12H7kD,pt,31-Dec-22,30-Mar-23,3 Month,Enabled
"Rahul, Veeramally",s1.el.vlsiexpert.in,online,sta,rahulveeramally25@gmail.com,9494725896,rveerasta22,dpG71W3H,pt,31-Dec-22,30-Mar-23,3 Month,Enabled
"Rakesh, Somisetty",s1.el.vlsiexpert.in,online,sta,lttsrakesh@gmail.com,8686454928,ssrakeshsta22,TDEck4QB,pt,31-Dec-22,30-Mar-23,3 Month,Enabled
sajan kumar ,s1.el.vlsiexpert.in,online,sta,sajanrules07@gmail.com,9348887449,sajansta22,Pvd2LOPv,pt,31-Dec-22,30-Mar-23,3 Month,Enabled
"Prakash, Kumar",s1.el.vlsiexpert.in,online,sta,inboxprakash01@gmail.com,8893613310,prakashsta22,uMniqHKk,pt,31-Dec-22,30-Mar-23,3 Month,Enabled
Raghav Sharma,s1.el.vlsiexpert.in,online,sta,shraghav96@gmail.com,9654851467,rsharmasta22,nT8oT1qi,pt,31-Dec-22,30-Mar-23,3 Month,Enabled
Jay Arora ,s1.el.vlsiexpert.in,online,Batch-15,,,jarorasta22,3GdCQNQh,pt,31-Dec-22,30-Mar-23,3 Month,Enabled
Jeff Benish ,s1.el.vlsiexpert.in,online,Batch-15,jeffbenish4@gmail.com,,jbenishsta22,9Yhk0lX2,pt,07-01-2023,07-04-2023,3 Month,Enabled
Anna George,s1.el.vlsiexpert.in,online,sta,annageorge88@gmail.com',8921980067,annasta22,0FVRYBTuw ,pt,13-01-2023,31-03-2023,2 Month,Enabled
Nishi Jha,s1.el.vlsiexpert.in,online,sta,nishi.jha94@gmail.com,8750711288,nishista22,zFNJQNVbm,pt,13-01-2023,31-03-2023,2 Month,Enabled
Sneha G Chachadi,s1.el.vlsiexpert.in,online,Tech Mahindra,SC00863275@techmahindra.com,9886285951,t_sneha_0123,fybKYSQJR,"pt,dc,icc2,starrcx,icv,vcs",13-01-2023,12-02-2023,1 Month,Enabled
Rinjo John,s1.el.vlsiexpert.in,online,Tech Mahindra,RJ00859063@TechMahindra.com,9904821835,t_rinjot_0123,seK3GDNeT,"pt,dc,icc2,starrcx,icv,vcs",13-01-2023,12-02-2023,1 Month,Enabled
Krishna Kumar,s1.el.vlsiexpert.in,online,Tech Mahindra,KU00755026@TechMahindra.com,8089748624,t_krishna_0123,tOBRHLHR4,"pt,dc,icc2,starrcx,icv,vcs",13-01-2023,12-02-2023,1 Month,Enabled
Sigadana Bhavani,s1.el.vlsiexpert.in,online,Tech Mahindra,SB00875445@TechMahindra.com,9581228213,sigadana1_0123,RR0tqMq8U,"pt,dc,icc2,starrcx,icv,vcs",13-01-2023,12-02-2023,1 Month,Enabled
Sriram Vasarla,s1.el.vlsiexpert.in,online,Tech Mahindra,SV00875681@TechMahindra.com,7989420035,sriram2_0123,pqG1EPrJ6,"pt,dc,icc2,starrcx,icv,vcs",13-01-2023,12-02-2023,1 Month,Enabled
Sakyasri Battula,s1.el.vlsiexpert.in,online,Tech Mahindra,SB00877289@techmahindra.com,9553979347,sakyasri3_0123,GVeDdgUKo,"pt,dc,icc2,starrcx,icv,vcs",13-01-2023,12-02-2023,1 Month,Enabled
Saurabh Sudam Bhusari,s1.el.vlsiexpert.in,online,Tech Mahindra,SB00875460@TechMahindra.com,8975295802,saurabh4_0123,djP2DB_KH,"pt,dc,icc2,starrcx,icv,vcs",13-01-2023,12-02-2023,1 Month,Enabled
Nasyam Mohammad Asif,s1.el.vlsiexpert.in,online,Tech Mahindra,NA00875683@TechMahindra.com,7995766517,nasyam5_0123,lbrL_hcF8,"pt,dc,icc2,starrcx,icv,vcs",13-01-2023,12-02-2023,1 Month,Enabled
Varshini Pinnu,s1.el.vlsiexpert.in,online,Tech Mahindra,VP00875686@TechMahindra.com,9381508880,varshini6_0123,wnvmMB5lm,"pt,dc,icc2,starrcx,icv,vcs",13-01-2023,12-02-2023,1 Month,Enabled
Ghanta Rupesh Dharma Teja,s1.el.vlsiexpert.in,online,Tech Mahindra,GD00875689@TechMahindra.com,9603598004,ghanta7_0123,y3LQz0s8R,"pt,dc,icc2,starrcx,icv,vcs",13-01-2023,12-02-2023,1 Month,Enabled
Boya Nirmala,s1.el.vlsiexpert.in,online,Tech Mahindra,BN00875696@TechMahindra.com,6302066658,boya8_0123,2jw34ObUf,"pt,dc,icc2,starrcx,icv,vcs",13-01-2023,12-02-2023,1 Month,Enabled
Ranga Manohar Raju Manduka,s1.el.vlsiexpert.in,online,Tech Mahindra,RM00875699@TechMahindra.com,9550286859,ranga9_0123,ssyw7qNIM,"pt,dc,icc2,starrcx,icv,vcs",13-01-2023,12-02-2023,1 Month,Enabled
Boge Sowmya,s1.el.vlsiexpert.in,online,Tech Mahindra,BS00875668@TechMahindra.com,8985228342,boge10_0123,BGEz4IPth,"pt,dc,icc2,starrcx,icv,vcs",13-01-2023,12-02-2023,1 Month,Enabled
Varalakshmi Pillipaka,s1.el.vlsiexpert.in,online,Tech Mahindra,VP00875673@TechMahindra.com,9505993370,varalakshmi11_0123,9ZQ3dfWGS,"pt,dc,icc2,starrcx,icv,vcs",13-01-2023,12-02-2023,1 Month,Enabled
Hirapara Jayendra Bholabhai,s1.el.vlsiexpert.in,online,Tech Mahindra,HB00875675@TechMahindra.com,9824999767,hirapara12_0123,UnaBlsTI_,"pt,dc,icc2,starrcx,icv,vcs",13-01-2023,12-02-2023,1 Month,Enabled
Chandan Balkrishana Patil,s1.el.vlsiexpert.in,online,Tech Mahindra,CP00893957@TechMahindra.com,7058437502,chandan13_0123,5hIOnHcRD,"pt,dc,icc2,starrcx,icv,vcs",13-01-2023,12-02-2023,1 Month,Enabled
Pullagura Neeraja,s1.el.vlsiexpert.in,online,Tech Mahindra,PN00893978@TechMahindra.com,7893701899,pullagura14_0123,K9Q5r4oHF,"pt,dc,icc2,starrcx,icv,vcs",13-01-2023,12-02-2023,1 Month,Enabled
Rachana R Pai,s1.el.vlsiexpert.in,online,Tech Mahindra,RP00893986@TechMahindra.com,8904491247,rachana15_0123,KNSsQ5OtA,"pt,dc,icc2,starrcx,icv,vcs",13-01-2023,12-02-2023,1 Month,Enabled
Vibha Chandeliya,s1.el.vlsiexpert.in,online,Tech Mahindra,VC00894008@TechMahindra.com,6269418636,vibha16_0123,At639fp8c,"pt,dc,icc2,starrcx,icv,vcs",13-01-2023,12-02-2023,1 Month,Enabled
Sunil Addakula,s1.el.vlsiexpert.in,online,Tech Mahindra,SA00894017@TechMahindra.com,6303630778,sunil17_0123,JzgobdxT7,"pt,dc,icc2,starrcx,icv,vcs",13-01-2023,12-02-2023,1 Month,Enabled
Jaison Baby,s1.el.vlsiexpert.in,online,Tech Mahindra,JB00894020@TechMahindra.com,9188187934,jaison18_0123,2um3S43PT,"pt,dc,icc2,starrcx,icv,vcs",13-01-2023,12-02-2023,1 Month,Enabled
Parikshit Arvind Wankhede,s1.el.vlsiexpert.in,online,Tech Mahindra,PW00894023@TechMahindra.com,9623612043,parikshit19_0123,bKJNWqhob,"pt,dc,icc2,starrcx,icv,vcs",13-01-2023,12-02-2023,1 Month,Enabled
Manthan Manoj Wankar,s1.el.vlsiexpert.in,online,Tech Mahindra,MW00894013@TechMahindra.com,7756942544,manthan20_0123,JUReVVhI0,"pt,dc,icc2,starrcx,icv,vcs",13-01-2023,12-02-2023,1 Month,Enabled
Amal Ajay,s1.el.vlsiexpert.in,online,Tech Mahindra,AA00893949@TechMahindra.com,7025415875,amal21_0123,d4XyG5_Ik,"pt,dc,icc2,starrcx,icv,vcs",13-01-2023,12-02-2023,1 Month,Enabled
Anjana Rachel Mathew,s1.el.vlsiexpert.in,online,Tech Mahindra,AM00893952@TechMahindra.com,8547710430,anjana22_0123,lPiPljo9c,"pt,dc,icc2,starrcx,icv,vcs",13-01-2023,12-02-2023,1 Month,Enabled
Geo Sebastian,s1.el.vlsiexpert.in,online,Tech Mahindra,GS00893959@TechMahindra.com,8943855341,geo23_0123,s3MMb0Gck,"pt,dc,icc2,starrcx,icv,vcs",13-01-2023,12-02-2023,1 Month,Enabled
Leya Wels,s1.el.vlsiexpert.in,online,Tech Mahindra,LW00893963@TechMahindra.com,8547382082,leya24_0123,3MpoULM2T,"pt,dc,icc2,starrcx,icv,vcs",13-01-2023,12-02-2023,1 Month,Enabled
Yadukrishnan K S,s1.el.vlsiexpert.in,online,Tech Mahindra,YK00893984@TechMahindra.com,9847728016,yadukrishnan25_0123,E0VhoBG9D,"pt,dc,icc2,starrcx,icv,vcs",13-01-2023,12-02-2023,1 Month,Enabled
Mithun Zacharia Varghese,s1.el.vlsiexpert.in,online,Tech Mahindra,MV00893973@TechMahindra.com,6282486088,mithun26_0123,biaarlq4_,"pt,dc,icc2,starrcx,icv,vcs",13-01-2023,12-02-2023,1 Month,Enabled
Prajish O A,s1.el.vlsiexpert.in,online,Tech Mahindra,PO00893992@TechMahindra.com,9562694580,prajish27_0123,ElWKPdi85,"pt,dc,icc2,starrcx,icv,vcs",13-01-2023,12-02-2023,1 Month,Enabled
Mohamadd Nadeem,s1.el.vlsiexpert.in,online,Tech Mahindra,MN00893989@TechMahindra.com,6282599573,nadeem33_0123 ,NtS136Gw5,"pt,dc,icc2,starrcx,icv,vcs",13-01-2023,12-02-2023,1 Month,Enabled
Abhijeet Horo,s1.el.vlsiexpert.in,online,Tech Mahindra,AH00893945@TechMahindra.com,7978542877,abhijeet29_0123,zx6TYt0en,"pt,dc,icc2,starrcx,icv,vcs",13-01-2023,12-02-2023,1 Month,Enabled
Vempati Surya Kaushik,s1.el.vlsiexpert.in,online,Tech Mahindra,VK00893983@TechMahindra.com,9010614921,vempati30_0123,n9ZQsIJoI,"pt,dc,icc2,starrcx,icv,vcs",13-01-2023,12-02-2023,1 Month,Enabled
Siva Naga Megha Syam Chavali,s1.el.vlsiexpert.in,online,Tech Mahindra,SC00894016@TechMahindra.com,9848952857,siva31_0123,WhGVCyN2M,"pt,dc,icc2,starrcx,icv,vcs",13-01-2023,12-02-2023,1 Month,Enabled
Mohammed Abdul Haq,s1.el.vlsiexpert.in,online,Tech Mahindra,MA00894026@TechMahindra.com,9381230889,mohammed32_0123,DXb6MQ1Ta,"pt,dc,icc2,starrcx,icv,vcs",13-01-2023,12-02-2023,1 Month,Enabled
Parvathy R,s1.el.vlsiexpert.in,online,Tech Mahindra,PR00894005@TechMahindra.com,7510668522,parvathy28_0123,4bF1E0CMI,"pt,dc,icc2,starrcx,icv,vcs",13-01-2023,12-02-2023,1 Month,Enabled
Antony John,s1.el.vlsiexpert.in,online,Tech Mahindra,AJ00893953@TechMahindra.com,9207292192,antony34_0123,7RqsTmkLn,"pt,dc,icc2,starrcx,icv,vcs",13-01-2023,12-02-2023,1 Month,Enabled
Parvathi Harikumar,s1.el.vlsiexpert.in,online,Tech Mahindra,PH00893976@TechMahindra.com,7561076252,parvathi35_0123,vQwqeTkuS,"pt,dc,icc2,starrcx,icv,vcs",13-01-2023,12-02-2023,1 Month,Enabled
Neha C A,s1.el.vlsiexpert.in,online,Tech Mahindra,NC00893968@TechMahindra.com,9744680088,neha36_0123,jvpzjm4Kx,"pt,dc,icc2,starrcx,icv,vcs",13-01-2023,12-02-2023,1 Month,Enabled
Jijil Joy,s1.el.vlsiexpert.in,online,Tech Mahindra,JJ00893974@TechMahindra.com,6238663267,jijil37_0123,WgzUZrqDN,"pt,dc,icc2,starrcx,icv,vcs",13-01-2023,12-02-2023,1 Month,Enabled
Amrithanand S,s1.el.vlsiexpert.in,online,Tech Mahindra,AS00893991@TechMahindra.com,9895093238,amrithanand38_0123,cFft0MFTC,"pt,dc,icc2,starrcx,icv,vcs",13-01-2023,12-02-2023,1 Month,Enabled
Anagha P M,s1.el.vlsiexpert.in,online,Tech Mahindra,AP00893997@TechMahindra.com,8078250314,anagha39_0123,kwdLw5Wzs,"pt,dc,icc2,starrcx,icv,vcs",13-01-2023,12-02-2023,1 Month,Enabled
Aleesha Eleen Sajan,s1.el.vlsiexpert.in,online,Tech Mahindra,AS00894003@TechMahindra.com,7025050356,aleesha40_0123,HK63J64Sw,"pt,dc,icc2,starrcx,icv,vcs",13-01-2023,12-02-2023,1 Month,Enabled
Akshay Suresh,s1.el.vlsiexpert.in,online,Tech Mahindra,AS00894006@TechMahindra.com,6282642965,akshay41_0123,chzOptkfz,"pt,dc,icc2,starrcx,icv,vcs",13-01-2023,12-02-2023,1 Month,Enabled
Shri Hari Prasad G,s1.el.vlsiexpert.in,online,Tech Mahindra,SG00875443@TechMahindra.com,9663805850,shri42_0123,bk3jzI02m,"pt,dc,icc2,starrcx,icv,vcs",13-01-2023,12-02-2023,1 Month,Enabled
Anju A G,s1.el.vlsiexpert.in,online,Tech Mahindra,AA00875446@TechMahindra.com,9980106705,anju43_0123,b0UrUxI0f,"pt,dc,icc2,starrcx,icv,vcs",13-01-2023,12-02-2023,1 Month,Enabled
Vinod Khyadad,s1.el.vlsiexpert.in,online,Tech Mahindra,VK00875450@TechMahindra.com,9591017824,vinod44_0123,ljY67gxwe,"pt,dc,icc2,starrcx,icv,vcs",13-01-2023,12-02-2023,1 Month,Enabled
Agniparti Leela Sai Phani,s1.el.vlsiexpert.in,online,Tech Mahindra,AS00875453@TechMahindra.com,9676453992,agniparti45_0123,kMa1aKHx6,"pt,dc,icc2,starrcx,icv,vcs",13-01-2023,12-02-2023,1 Month,Enabled
Sri Divya Edupulapati,s1.el.vlsiexpert.in,online,Tech Mahindra,SE00875457@TechMahindra.com,8074435146,sri46_0123,oTxLywIEG,"pt,dc,icc2,starrcx,icv,vcs",13-01-2023,12-02-2023,1 Month,Enabled
Mohammed Adnan,s1.el.vlsiexpert.in,online,Tech Mahindra,MA00875461@TechMahindra.com,9741659417,mohammed47_0123,4E3BjdLyf,"pt,dc,icc2,starrcx,icv,vcs",13-01-2023,12-02-2023,1 Month,Enabled
Swaraag Dinesh,s1.el.vlsiexpert.in,online,Tech Mahindra,SD00875465@TechMahindra.com,9611215651,swaraag48_0123,Pn1DXGhbq,"pt,dc,icc2,starrcx,icv,vcs",13-01-2023,12-02-2023,1 Month,Enabled
Kundrapu Gana Mahesh,s1.el.vlsiexpert.in,online,Tech Mahindra,KM00875418@TechMahindra.com,6305705167,kundrapu49_0123,gsgW4UI7g,"pt,dc,icc2,starrcx,icv,vcs",13-01-2023,12-02-2023,1 Month,Enabled
Karuparthi Naga Datta Chinni Krishna,s1.el.vlsiexpert.in,online,Tech Mahindra,KC00875421@TechMahindra.com,9398789787,aruparthi50_0123,DAbQ275oj,"pt,dc,icc2,starrcx,icv,vcs",13-01-2023,12-02-2023,1 Month,Enabled
Sunkara Stalin,s1.el.vlsiexpert.in,online,Tech Mahindra,SS00875424@TechMahindra.com,9398701166,sunkara51_0123,8o2pHIzd3,"pt,dc,icc2,starrcx,icv,vcs",13-01-2023,12-02-2023,1 Month,Enabled
Nisha S,s1.el.vlsiexpert.in,online,Tech Mahindra,NS00875428@TechMahindra.com,9901913564,nisha52_0123,Wm9JiOLR3,"pt,dc,icc2,starrcx,icv,vcs",13-01-2023,12-02-2023,1 Month,Enabled
Shaik Nazirunnisa,s1.el.vlsiexpert.in,online,Tech Mahindra,SN00875431@TechMahindra.com,9700640911,shaik53_0123,DsRBSqmuJ,"pt,dc,icc2,starrcx,icv,vcs",13-01-2023,12-02-2023,1 Month,Enabled
Korada Sai Sindura,s1.el.vlsiexpert.in,online,Tech Mahindra,KS00875435@TechMahindra.com,8074216480,korada54_0123,WL2IxSVzZ,"pt,dc,icc2,starrcx,icv,vcs",13-01-2023,12-02-2023,1 Month,Enabled
Shubham R Ghodke,s1.el.vlsiexpert.in,online,Tech Mahindra,SG00875438@TechMahindra.com,9482754501,shubham55_0123,BHQunLIF_,"pt,dc,icc2,starrcx,icv,vcs",13-01-2023,12-02-2023,1 Month,Enabled
Sai Charan Behara,s1.el.vlsiexpert.in,online,Tech Mahindra,SB00875678@TechMahindra.com,6302102984,sai56_0123,EKZt38NdY,"pt,dc,icc2,starrcx,icv,vcs",13-01-2023,12-02-2023,1 Month,Enabled
Hemanth Kumar Mavuru,s1.el.vlsiexpert.in,online,Tech Mahindra,HM00875694@TechMahindra.com,8919577916,hemanth57_0123,D6jNXvz54,"pt,dc,icc2,starrcx,icv,vcs",13-01-2023,12-02-2023,1 Month,Enabled
Shrushti Anil Joshi,s1.el.vlsiexpert.in,online,Tech Mahindra,SJ00875671@TechMahindra.com,8180966078,shrushti58_0123,PMMN2YUrP,"pt,dc,icc2,starrcx,icv,vcs",13-01-2023,12-02-2023,1 Month,Enabled
Pradoom Rao,s1.el.vlsiexpert.in,online,Tech Mahindra,PR00868111@TechMahindra.com,9284634153,pradoom59_0123,vNrETe9J6,"pt,dc,icc2,starrcx,icv,vcs",13-01-2023,12-02-2023,1 Month,Enabled
Divya Sree Vuyyuru,s1.el.vlsiexpert.in,online,Tech Mahindra,DV00868115@TechMahindra.com,9172994918,divya60_0123,3BbGfM71I,"pt,dc,icc2,starrcx,icv,vcs",13-01-2023,12-02-2023,1 Month,Enabled
Beauty Arun Singh,s1.el.vlsiexpert.in,online,Tech Mahindra,BA00868127@TechMahindra.com,9172994918,beauty61_0123,kaUF2I2p4,"pt,dc,icc2,starrcx,icv,vcs",13-01-2023,12-02-2023,1 Month,Enabled
Chethan S,s1.el.vlsiexpert.in,online,Tech Mahindra,CS00868198@TechMahindra.com,8971229414,chethan62_0123,kcNM6pmG9,"pt,dc,icc2,starrcx,icv,vcs",13-01-2023,12-02-2023,1 Month,Enabled
Angadi Karimulla,s1.el.vlsiexpert.in,online,Tech Mahindra,AK00868488@TechMahindra.com,7337202570,angadi63_0123,GxJNRQyqR,"pt,dc,icc2,starrcx,icv,vcs",13-01-2023,12-02-2023,1 Month,Enabled
Prerana Rajaram Bhagat,s1.el.vlsiexpert.in,online,Tech Mahindra,PB00876260@techmahindra.com,7038086343,prerana64_0123,VGjHhsu9G,"pt,dc,icc2,starrcx,icv,vcs",13-01-2023,12-02-2023,1 Month,Enabled
Nikhil Mukesh Sadafule,s1.el.vlsiexpert.in,online,Tech Mahindra,NM00868114@TechMahindra.com,7040602548,nikhil65_0123,uiviH0hsy,"pt,dc,icc2,starrcx,icv,vcs",13-01-2023,12-02-2023,1 Month,Enabled
Venkata Sai Chandra Peddiboyina,s1.el.vlsiexpert.in,online,Tech Mahindra,VP00868108@TechMahindra.com,9573267265,venkata66_0123,cMWf_3yiS,"pt,dc,icc2,starrcx,icv,vcs",13-01-2023,12-02-2023,1 Month,Enabled
Giridhar Sai Yadavalli,s1.el.vlsiexpert.in,online,Tech Mahindra,GY00868119@TechMahindra.com,6304773632,giridhar67_0123,RK6UhcIqF,"pt,dc,icc2,starrcx,icv,vcs",13-01-2023,12-02-2023,1 Month,Enabled
Siva Bhima Shankar Sunkara,s1.el.vlsiexpert.in,online,Tech Mahindra,SS00868122@TechMahindra.com,9133244718,siva68_0123,dUXyzkTTi,"pt,dc,icc2,starrcx,icv,vcs",13-01-2023,12-02-2023,1 Month,Enabled
Sampath Kumar Konakala,s1.el.vlsiexpert.in,online,Tech Mahindra,SK00868197@TechMahindra.com,7013247466,sampath69_0123,2oysJ54hK,"pt,dc,icc2,starrcx,icv,vcs",13-01-2023,12-02-2023,1 Month,Enabled
Hanuma Naik Rathlavath,s1.el.vlsiexpert.in,online,Tech Mahindra,HR00868201@TechMahindra.com,6281925957,hanuma70_0123,OgS4Poysl,"pt,dc,icc2,starrcx,icv,vcs",13-01-2023,12-02-2023,1 Month,Enabled
Harika Gandreddi,s1.el.vlsiexpert.in,online,Tech Mahindra,HG00868204@TechMahindra.com,8919088939,harika71_0123,sMz4hq0Ld,"pt,dc,icc2,starrcx,icv,vcs",13-01-2023,12-02-2023,1 Month,Enabled
Gayathri Chilla,s1.el.vlsiexpert.in,online,Tech Mahindra,GC00868208@TechMahindra.com,8919794544,gayathri72_0123,zoQxFXTdH,"pt,dc,icc2,starrcx,icv,vcs",13-01-2023,12-02-2023,1 Month,Enabled
Keerthi Madamanchi,s1.el.vlsiexpert.in,online,Tech Mahindra,KM00868212@TechMahindra.com,9963128426,keerhi73_0123,f1vYVTvex,"pt,dc,icc2,starrcx,icv,vcs",13-01-2023,12-02-2023,1 Month,Enabled
Swapna Galla,s1.el.vlsiexpert.in,online,Tech Mahindra,SG00868216@TechMahindra.com,7013037369,swapna74_0123,dm2IrJx56,"pt,dc,icc2,starrcx,icv,vcs",13-01-2023,12-02-2023,1 Month,Enabled
Vamsi Jajimoggala,s1.el.vlsiexpert.in,online,Tech Mahindra,VJ00868227@TechMahindra.com,7337068296,vamsi75_0123,giZKeTbIt,"pt,dc,icc2,starrcx,icv,vcs",13-01-2023,12-02-2023,1 Month,Enabled
Sowjanya Bammidi,s1.el.vlsiexpert.in,online,Tech Mahindra,SB00868232@TechMahindra.com,9014037312,sowjanya76_0123,qEOxfDlFH,"pt,dc,icc2,starrcx,icv,vcs",13-01-2023,12-02-2023,1 Month,Enabled
Edapalapati Janaki Ramanjaneyala Suneel,s1.el.vlsiexpert.in,online,Tech Mahindra,ER00868220@TechMahindra.com,7095252681,edapalapati77_0123,1w3HNfRgB,"pt,dc,icc2,starrcx,icv,vcs",13-01-2023,12-02-2023,1 Month,Enabled
Ramya Marrapu,s1.el.vlsiexpert.in,online,Tech Mahindra,RM00868224@TechMahindra.com,8309562931,ramya78_0123,UOLipnS34,"pt,dc,icc2,starrcx,icv,vcs",13-01-2023,12-02-2023,1 Month,Enabled
Mamatha Kundeti,s1.el.vlsiexpert.in,online,Tech Mahindra,MK00868496@TechMahindra.com,9398161912,mamatha79_0123,HXnu8zW8Y,"pt,dc,icc2,starrcx,icv,vcs",13-01-2023,12-02-2023,1 Month,Enabled
Kishore Nemalikanti,s1.el.vlsiexpert.in,online,Tech Mahindra,KN00868870@techmahindra.com,9581342969,kishore80_0123,WPYEDEYTr,"pt,dc,icc2,starrcx,icv,vcs",13-01-2023,12-02-2023,1 Month,Enabled
Harikrishna Kadlai,s1.el.vlsiexpert.in,online,Tech Mahindra,HK00868125@TechMahindra.com,,harikrishna91_1904,S7El885y,"pt,dc,icc2,starrcx,icv,vcs",13-01-2023,12-02-2023,1 Month,Enabled
Pavan Muni ,s0.el.vlsiexpert.in,online,Synapse,greddy@synapse-da.com,,ve-sq-greddy,aD1E04P0,,12-01-2023,11-02-2023,1 Month,Disabled
Ellaboina Vishnu Vardhan,s0.el.vlsiexpert.in,online,Synapse,vellaboina@synapse-da.com,,ve-sq-vellaboina,k61Uw83x ,,12-01-2023,11-02-2023,1 Month,Disabled
Deepika Singh,s0.el.vlsiexpert.in,online,Synapse,deepikas@synapse-da.com,,ve-sq-deepikas,42NR4gkf,,12-01-2023,11-02-2023,1 Month,Disabled
Shaik Ayesha Khouser Usmani,s0.el.vlsiexpert.in,online,Synapse,susmani@synapse-da.com,,ve-sq-susmani,l1XWZ75x,,12-01-2023,11-02-2023,1 Month,Disabled
suman Mitra,s0.el.vlsiexpert.in,online,Synapse,smitra@synapse-da.com,,ve-sq-smitra,6KH70Bmu,,12-01-2023,11-02-2023,1 Month,Disabled
Gangireddy Mahesh​,s0.el.vlsiexpert.in,online,Synapse,mgangireddy@synapse-da.com,,ve-sq-mgangireddy,fX02f1m0,,12-01-2023,11-02-2023,1 Month,Disabled
Faryad Alam,s0.el.vlsiexpert.in,online,Synapse,falam@synapse-da.com,,ve-sq-falam,22LMf10a,,12-01-2023,11-02-2023,1 Month,Disabled
Saikumar,s0.el.vlsiexpert.in,online,Synapse,bsaikumar@synapse-da.com,,ve-sq-bsaikumar,D1j70YQC ,,12-01-2023,11-02-2023,1 Month,Disabled
Sankha Subhra Das ,s0.el.vlsiexpert.in,online,Synapse,sankhad@synapse-da.com,,ve-sq-sankhad,Nv840h2S,,12-01-2023,11-02-2023,1 Month,Disabled
Shivam Kumar,s0.el.vlsiexpert.in,online,Synapse,shivamk@synapse-da.com,,ve-sq-shivamk,QUh400Me,,12-01-2023,11-02-2023,1 Month,Disabled
Pavan Kumar,s0.el.vlsiexpert.in,online,Synapse,kpavan@synapse-da.com,,ve-sq-kpavan,wOV8c162,,12-01-2023,11-02-2023,1 Month,Disabled
Aditya singh,s0.el.vlsiexpert.in,online,Batch12/ve,Adityaksingh1707@gmail.com,96164 90651,aditya1701,3SO396qz,pt,17-Jan-23,31-Mar-23,3 Month,Enabled
AASTHA MITEN,s0.el.vlsiexpert.in,online,iimt,1.90216E+12,6203142929/ 9971970790,aastha2301_01,bMW_5OEa0,"VCS,Verdi",23-01-2023,22-03-2023,2-Month,Enabled
ABHISHEK KUMAR,s0.el.vlsiexpert.in,online,iimt,1.90216E+12,7004163971 / 7667019421,abhishek2301_02,1Wn_VhC8Z,"VCS,Verdi",23-01-2023,22-03-2023,2-Month,Enabled
ABHISHEK KUMAR SINGH,s0.el.vlsiexpert.in,online,iimt,1.90216E+12,7786848112,abhishek2301_03,N_fGGt6Y6,"VCS,Verdi",23-01-2023,22-03-2023,2-Month,Enabled
ABHISHEK SINGH,s0.el.vlsiexpert.in,online,iimt,1.90216E+12,7380405668,abhishek2301_04,1ywfsrV0p,"VCS,Verdi",23-01-2023,22-03-2023,2-Month,Enabled
AJAHARUDDIN ANSARI,s0.el.vlsiexpert.in,online,iimt,1.90216E+12,7080445806,ajaharuddin2301_05,S8PrCdhj1,"VCS,Verdi",23-01-2023,22-03-2023,2-Month,Enabled
AKANKSHA ANAND,s0.el.vlsiexpert.in,online,iimt,1.90216E+12,7667599580/ 7542034503,akanksha2301_06,ucN5dVpUQ,"VCS,Verdi",23-01-2023,22-03-2023,2-Month,Enabled
AKASH KUMAR,s0.el.vlsiexpert.in,online,iimt,1.90216E+12,6202822579,akash2301_07,ePfk5KYcJ,"VCS,Verdi",23-01-2023,22-03-2023,2-Month,Enabled
AKHLAD KADRI,s0.el.vlsiexpert.in,online,iimt,1.90216E+12,9633833318,akhlad2301_08,wBmEm2kYh,"VCS,Verdi",23-01-2023,22-03-2023,2-Month,Enabled
ALOK GOND,s0.el.vlsiexpert.in,online,iimt,1.90216E+12,6394724171,alok2301_09,vzTY75zTI,"VCS,Verdi",23-01-2023,22-03-2023,2-Month,Enabled
AMAN KUMAR,s0.el.vlsiexpert.in,online,iimt,1.90216E+12,8882062795,aman2301_010,LTJoH5RTr,"VCS,Verdi",23-01-2023,22-03-2023,2-Month,Enabled
AMAN RAJ,s0.el.vlsiexpert.in,online,iimt,1.90216E+12,7546077197,aman2301_011,x9I3ehuEU,"VCS,Verdi",23-01-2023,22-03-2023,2-Month,Enabled
ARCHIT AGGARWAL,s0.el.vlsiexpert.in,online,iimt,1.90216E+12,9643908569,archit2301_012,q3LucjpNa,"VCS,Verdi",23-01-2023,22-03-2023,2-Month,Enabled
ARTI,s0.el.vlsiexpert.in,online,iimt,1.90216E+12,7701992702,arti2301_013,BOkNPhRcM,"VCS,Verdi",23-01-2023,22-03-2023,2-Month,Enabled
ARTI YADAV,s0.el.vlsiexpert.in,online,iimt,1.90216E+12,7317253593,arti2301_014,Pa8BZEgX2,"VCS,Verdi",23-01-2023,22-03-2023,2-Month,Enabled
ASHISH KUMAR JHA,s0.el.vlsiexpert.in,online,iimt,1.90216E+12,7464054031,ashish2301_015,DHHnq20O5,"VCS,Verdi",23-01-2023,22-03-2023,2-Month,Enabled
ASHUTOSH KUMAR,s0.el.vlsiexpert.in,online,iimt,1.90216E+12,8789173626,ashutosh2301_016,qMmv2Sqjd,"VCS,Verdi",23-01-2023,22-03-2023,2-Month,Enabled
ASHUTOSH KUMAR TIWARI,s0.el.vlsiexpert.in,online,iimt,1.90216E+12,6290435838,ashutosh2301_017,L0FX7EcL5,"VCS,Verdi",23-01-2023,22-03-2023,2-Month,Enabled
BOLBAM KUMAR,s0.el.vlsiexpert.in,online,iimt,1.90216E+12,7352389810,bolbam2301_018,MJs8nfl9P,"VCS,Verdi",23-01-2023,22-03-2023,2-Month,Enabled
BRAJESH KUMAR,s0.el.vlsiexpert.in,online,iimt,1.90216E+12,9934089769,brajesh2301_019,LKXMTuFNk,"VCS,Verdi",23-01-2023,22-03-2023,2-Month,Enabled
CHAMAN SONI,s0.el.vlsiexpert.in,online,iimt,1.90216E+12,9931632804,chaman2301_020,cKthe7eDW,"VCS,Verdi",23-01-2023,22-03-2023,2-Month,Enabled
CHANDAN KUMAR,s0.el.vlsiexpert.in,online,iimt,1.90216E+12,9973416840,chandan2301_021,wRR05Vgt5,"VCS,Verdi",23-01-2023,22-03-2023,2-Month,Enabled
CHRISTIN K THOMAS,s0.el.vlsiexpert.in,online,iimt,1.90216E+12,7678401803,christin2301_022,8VSK8eFJo,"VCS,Verdi",23-01-2023,22-03-2023,2-Month,Enabled
GAUTAM BHADORIA,s0.el.vlsiexpert.in,online,iimt,1.90216E+12,9811731545,gautam2301_023,TFF2UJBD6,"VCS,Verdi",23-01-2023,22-03-2023,2-Month,Enabled
HARESH KUMAR SINGH,s0.el.vlsiexpert.in,online,iimt,1.90216E+12,"9711005427, 8178903276",haresh2301_024,e6p1_2XhD,"VCS,Verdi",23-01-2023,22-03-2023,2-Month,Enabled
HIMANSHU RANJAN,s0.el.vlsiexpert.in,online,iimt,1.90216E+12,6201382012,himanshu2301_025,EQlMxKGTX,"VCS,Verdi",23-01-2023,22-03-2023,2-Month,Enabled
KARAN KUMAR GIRI,s0.el.vlsiexpert.in,online,iimt,1.90216E+12,9811363987,karan2301_026,D_2Wg9sUg,"VCS,Verdi",23-01-2023,22-03-2023,2-Month,Enabled
KESHAV SHISHODIYA,s0.el.vlsiexpert.in,online,iimt,1.90216E+12,9675135490,keshav2301_027,R97ppMD4c,"VCS,Verdi",23-01-2023,22-03-2023,2-Month,Enabled
KUMAR GAURAV,s0.el.vlsiexpert.in,online,iimt,1.90216E+12,8298695765,kumar2301_028,epbk5SrCP,"VCS,Verdi",23-01-2023,22-03-2023,2-Month,Enabled
MANISH KUMAR,s0.el.vlsiexpert.in,online,iimt,1.90216E+12,8877987761/ 08877987512,manish2301_029,sdVZp283L,"VCS,Verdi",23-01-2023,22-03-2023,2-Month,Enabled
MANISH KUMAR SINGH,s0.el.vlsiexpert.in,online,iimt,1.90216E+12,9939240740,manish2301_030,pf8NnbyhX,"VCS,Verdi",23-01-2023,22-03-2023,2-Month,Enabled
MEHUL ANAND,s0.el.vlsiexpert.in,online,iimt,1.90216E+12,8986357273,mehul2301_031,CWRw6UEzy,"VCS,Verdi",23-01-2023,22-03-2023,2-Month,Enabled
NIKHIL KUMAR,s0.el.vlsiexpert.in,online,iimt,1.90216E+12,9205190694 / 8595521205,nikhil2301_032,OFLTOpiVM,"VCS,Verdi",23-01-2023,22-03-2023,2-Month,Enabled
NITISH KUMAR RAI,s0.el.vlsiexpert.in,online,iimt,1.90216E+12,7860558111,nitish2301_033,ZIebuYgwV,"VCS,Verdi",23-01-2023,22-03-2023,2-Month,Enabled
POOJA PRAJAPATI,s0.el.vlsiexpert.in,online,iimt,1.90216E+12,9506492666 (Uncle)/ ,pooja2301_034,JI5mGLEFH,"VCS,Verdi",23-01-2023,22-03-2023,2-Month,Enabled
PREETI,s0.el.vlsiexpert.in,online,iimt,1.90216E+12,9818112543,preeti2301_035,N7pjp4bQr,"VCS,Verdi",23-01-2023,22-03-2023,2-Month,Enabled
RAHUL SINGH,s0.el.vlsiexpert.in,online,iimt,1.90216E+12,9792886112,rahul2301_036,ORPnThicd,"VCS,Verdi",23-01-2023,22-03-2023,2-Month,Enabled
ROHIT KUMAR,s0.el.vlsiexpert.in,online,iimt,1.90216E+12,6202636166,rohit2301_037,9esrlZh2k,"VCS,Verdi",23-01-2023,22-03-2023,2-Month,Enabled
SANDEEP PANCHAL,s0.el.vlsiexpert.in,online,iimt,1.90216E+12,9891705378,sandeep2301_038,TihqDwdJr,"VCS,Verdi",23-01-2023,22-03-2023,2-Month,Enabled
SANTOSH YADAV,s0.el.vlsiexpert.in,online,iimt,1.90216E+12,7701848533,santosh2301_039,4cnm0M327,"VCS,Verdi",23-01-2023,22-03-2023,2-Month,Enabled
SARFRAJ ANSARI,s0.el.vlsiexpert.in,online,iimt,1.90216E+12,8052581566,sarfraj2301_040,QQ25IUWdA,"VCS,Verdi",23-01-2023,22-03-2023,2-Month,Enabled
SHIVAM KUMAR,s0.el.vlsiexpert.in,online,iimt,1.90216E+12,620781135,shivam2301_041,drU3iwRUs,"VCS,Verdi",23-01-2023,22-03-2023,2-Month,Enabled
SHRESTH PANDEY,s0.el.vlsiexpert.in,online,iimt,1.90216E+12,96256 13385,shresth2301_042,Eqbj3XPg0,"VCS,Verdi",23-01-2023,22-03-2023,2-Month,Enabled
SNEHIL ,s0.el.vlsiexpert.in,online,iimt,1.90216E+12,8799724785,snehil2301_043,J_FUyRnkM,"VCS,Verdi",23-01-2023,22-03-2023,2-Month,Enabled
SUHANI JINDAL,s0.el.vlsiexpert.in,online,iimt,1.90216E+12,"7065061733, 9911124236",suhani2301_044,2tySbq5ZK,"VCS,Verdi",23-01-2023,22-03-2023,2-Month,Enabled
SURAJ KUMAR,s0.el.vlsiexpert.in,online,iimt,1.90216E+12,7484840595,suraj2301_045,_e_VobWm_,"VCS,Verdi",23-01-2023,22-03-2023,2-Month,Enabled
SURAJ KUMAR PANDEY,s0.el.vlsiexpert.in,online,iimt,1.90216E+12,"8,10,29,40,597",suraj2301_046,nlnK_7kta,"VCS,Verdi",23-01-2023,22-03-2023,2-Month,Enabled
SURENDRA GUPTA,s0.el.vlsiexpert.in,online,iimt,1.90216E+12,9910374898,surendra2301_047,FTbGTK3Ub,"VCS,Verdi",23-01-2023,22-03-2023,2-Month,Enabled
TANYA JAIN,s0.el.vlsiexpert.in,online,iimt,1.90216E+12,9599096718,tanya2301_048,n7JF7gO1h,"VCS,Verdi",23-01-2023,22-03-2023,2-Month,Enabled
UDAY CHANDRA ROY,s0.el.vlsiexpert.in,online,iimt,1.90216E+12,6203213761,uday2301_049,3eRm7fa0O,"VCS,Verdi",23-01-2023,22-03-2023,2-Month,Enabled
UTKARSH,s0.el.vlsiexpert.in,online,iimt,1.90216E+12,6202405142,utkarsh2301_050,cGo7vjHse,"VCS,Verdi",23-01-2023,22-03-2023,2-Month,Enabled
YOGENDRA SINGH RAJAWAT,s0.el.vlsiexpert.in,online,iimt,1.90216E+12,8955109453,yogendra2301_051,_E6tvKXMW,"VCS,Verdi",23-01-2023,22-03-2023,2-Month,Enabled
PRIYA DAKSH,s0.el.vlsiexpert.in,online,iimt,2.00216E+12,9312579160,priya2301_052,DommTs8QP,"VCS,Verdi",23-01-2023,22-03-2023,2-Month,Enabled
IMTIYAZ ALAM,s0.el.vlsiexpert.in,online,iimt,2.00216E+12,7070018888,imtiyaz2301_053,ed5noAXJv,"VCS,Verdi",23-01-2023,22-03-2023,2-Month,Enabled
Ashutosh Rao,s0.el.vlsiexpert.in,online,Batch15/ve,ashutosh.rao242@gmail.com,8431943232,ashutoshb15_1,6MOq6bbX2,,28-01-2023,31-03-2023,2-Month,Enabled
Pitranshi sonkar,s0.el.vlsiexpert.in,online,Batch15/ve,sonkar.pitranshi@gmail.com,8840257961,pitranshib15_2,E0w9J14Cs,,28-01-2023,31-03-2023,2-Month,Enabled
Gaurav Yadav ,s0.el.vlsiexpert.in,online,Batch15/ve,gaurav1563@gmail.com,8448669697,gauravb15_3 ,5D1hCJ1wm,,28-01-2023,31-03-2023,2-Month,Enabled
Krishna Kishore,s1.el.vlsiexpert.in,online,Batch15/ve,kishorevenigalla07@gmail.com>,9133203111,krishnasta22,Z1sD9O2Hr,,30-Jan-23,31-03-2023,2-Month,Enabled
Shivam singh,s1.el.vlsiexpert.in,online,Batch15/ve,,,shivamsta22,3vD4AC0uR,Pt,01-02-2023,31-03-2023,2-Month,Enabled
gv_navya,corp001s1,,,maheshpal.singh@govlsi.com,,gv_navya,,,,,,disabled
divya0402,s0.el.vlsiexpert.in,online,Batch12/ve,,,divya0402,7J6fWro0a,,04-02-2023,,,Enabled
gv_trainee1,corp001s1,online,govlsi,maheshpal.singh@govlsi.com,,gv_trainee1,rAVSZhyxl,"2PT,2FC",11-02-2023,,,disabled
gv_trainee2,corp001s1,online,govlsi,maheshpal.singh@govlsi.com,,gv_trainee2,V6uw7FX5u,"2PT,2FC",11-02-2023,,,disabled
gv_trainee3,corp001s1,online,govlsi,maheshpal.singh@govlsi.com,,gv_trainee3,PQbEPkJ82,"2PT,2FC",11-02-2023,,,disabled
gv_trainee4,corp001s1,online,govlsi,maheshpal.singh@govlsi.com,,gv_trainee4,bFb9vvcR4,"2PT,2FC",11-02-2023,,,disabled
gv_trainee5,corp001s1,online,govlsi,maheshpal.singh@govlsi.com,,gv_trainee5,bnFRK82DF,"2PT,2FC",11-02-2023,,,disabled
gv_trainee6,corp001s1,online,govlsi,maheshpal.singh@govlsi.com,,gv_trainee6,LzEcaOhYy,"2PT,2FC",11-02-2023,,,disabled
gv_trainee7,corp001s1,online,govlsi,maheshpal.singh@govlsi.com,,gv_trainee7,XDEwho5tL,"2PT,2FC",11-02-2023,,,disabled
gv_trainee8,corp001s1,online,govlsi,maheshpal.singh@govlsi.com,,gv_trainee8,IlU_abGgh,"2PT,2FC",11-02-2023,,,disabled
gv_trainee9,corp001s1,online,govlsi,maheshpal.singh@govlsi.com,,gv_trainee9,06uTViegP,"2PT,2FC",11-02-2023,,,disabled
gv_trainee10,corp001s1,online,govlsi,maheshpal.singh@govlsi.com,,gv_trainee10,76YD6t_Dw,"2PT,2FC",11-02-2023,,,disabled
gv_trainee11,corp001s1,online,govlsi,maheshpal.singh@govlsi.com,,gv_trainee11,2oKgAxY8P,"2PT,2FC",11-02-2023,,,disabled
gv_trainee12,corp001s1,online,govlsi,maheshpal.singh@govlsi.com,,gv_trainee12,LezBW_Aag,"2PT,2FC",11-02-2023,,,disabled
gv_trainee13,corp001s1,online,govlsi,maheshpal.singh@govlsi.com,,gv_trainee13,6PzxYswwp,"2PT,2FC",11-02-2023,,,disabled
gv_trainee14,corp001s1,online,govlsi,maheshpal.singh@govlsi.com,,gv_trainee14,u5iuPisXA,"2PT,2FC",11-02-2023,,,disabled
gv_trainee15,corp001s1,online,govlsi,maheshpal.singh@govlsi.com,,gv_trainee15,k67F8v9s1,"2PT,2FC",11-02-2023,,,disabled
Abhishek, trg_setup1,online/offline,trainer,,, abhi_1402,#H98q1KSb,,13-02-2023,,,
Gaurav Yadav,s0.el.vlsiexpert.in,online/offline,Batch15/ve,gaurav1563@gmail.com,8448669697,b15_gaurav0225_05,y18nsujGz,PT,25-02-2023,31-08-2023,6 Month,Enabled
Prasmit Biswas,s0.el.vlsiexpert.in,online/offline,Batch15/ve,prasmit98@gmail.com,8240353599,b15_prasmit0225_06,R0FB8_iGO,PT,25-02-2023,31-08-2023,6 Month,Enabled
Mohammad Rizvan,s0.el.vlsiexpert.in,online/offline,Batch15/ve,Md.rizvan9648@gmail.com,9717204853,b15_mohammad0225_07,8mwFzE6IM,PT,25-02-2023,31-08-2023,6 Month,Enabled
Harshita,s0.el.vlsiexpert.in,online/offline,Batch15/ve,harshitarai30@gmail.com,9660362770,b15_harshita0225_08,LVcOjdl1R,PT,25-02-2023,31-08-2023,6 Month,Enabled
Gulshan Kumar,s0.el.vlsiexpert.in,online/offline,Batch15/ve,gulshan.mnnit@gmail.com,8340735494,b15_gulshan0225_09,sZSANoMEi,PT,25-02-2023,31-08-2023,6 Month,Enabled
Sasmit Prashant Joshi,s0.el.vlsiexpert.in,online/offline,Batch15/ve,sasmitjoshi5@gmail.com,9518973134,b15_sasmit0225_010,bgHz5yPcX,PT,25-02-2023,31-08-2023,6 Month,Enabled
Kashish Tiwari,s0.el.vlsiexpert.in,online/offline,Batch15/ve,kashishtiwari001@gmail.com,7310775527,b15_kashish0225_011,Wm66HW3gT6,PT,25-02-2023,31-08-2023,6 Month,Enabled
Prateek Parashar,s0.el.vlsiexpert.in,online/offline,Batch15/ve,prateekparashar7252@gmail.com,7252005004,b15_prateek0225_012,np8ithhIA,PT,25-02-2023,31-08-2023,6 Month,Enabled
Shaivya Shukla,s0.el.vlsiexpert.in,online/offline,Batch15/ve,shaivyashukla2408.ss@gmail.com,8718932639,b15_shaivya0225_013,xuZTlTlv2,PT,25-02-2023,31-08-2023,6 Month,Enabled
Manohar Reddy B,s0.el.vlsiexpert.in,online/offline,Batch15/ve,manoharprakashreddy2001@gmail.com,8296504951,b15_manohar0225_014,vE0p0q0id,PT,25-02-2023,31-08-2023,6 Month,Enabled
Bonagiri Sasank Pardha Satya Srivisweswara,s0.el.vlsiexpert.in,online/offline,Batch15/ve,bonagiri.sasank@gmail.com,7995419933,b15_bonagiri0,jZQqf0c6q,PT,25-02-2023,31-08-2023,6 Month,Enabled
Gaurav Mani Khanal,s0.el.vlsiexpert.in,online/offline,Batch15/ve,GAURAVMANIKHANAL@GMAIL.COM,7579211514,b15_gaurav0225_016,EYsTakCvU,PT,25-02-2023,31-08-2023,6 Month,Enabled
Sonika,s0.el.vlsiexpert.in,online/offline,Batch15/ve,sonikarathi001@gmail.com,9530107474,b15_sonika0225_017,LwjY0lbuw,PT,25-02-2023,31-08-2023,6 Month,Enabled
Shashank Sharma,s0.el.vlsiexpert.in,online/offline,Batch15/ve,shashank.shr01@gmail.com,9997523441,b15_shashank0225_018,Hq6hwDbTW,PT,25-02-2023,31-08-2023,6 Month,Enabled
Asha Madhu Jadhav,s0.el.vlsiexpert.in,online/offline,Batch15/ve,ashajadhav613@gmail.com,9986372754,b15_asha0225_019,RtPG9iNK8,PT,25-02-2023,31-08-2023,6 Month,Enabled
Mansi Sharma,s0.el.vlsiexpert.in,online/offline,Batch15/ve,mansisharma9462@gmail.com,7877449652,b15_mansi0225_020,HHoJ_ZBtB,PT,25-02-2023,31-08-2023,6 Month,Enabled
Pooja vyas,s0.el.vlsiexpert.in,online/offline,Batch15/ve,pjvyas2121@gmail.com,9265888544,b15_pooja0225_021,x5m9b2jVi,PT,25-02-2023,31-08-2023,6 Month,Enabled
Aayushi,s0.el.vlsiexpert.in,online/offline,Batch15/ve,,,b15_aayushi0225_022,uQQ8i74uuB,PT,25-02-2023,31-08-2023,6 Month,Enabled
Sai charan,s0.el.vlsiexpert.in,online/offline,Batch15/ve,,,b15_sai0225_023,prxX6x02,PT,25-02-2023,31-08-2023,6 Month,Enabled
Manoj Kaushik,s0.el.vlsiexpert.in,online/offline,Batch15/ve,,,b15_manoj0303_024,cP26Z6mK7,PT,03-03-2023,31-08-2023,6 Month,Enabled
Saurabh Singh Jat,s0.el.vlsiexpert.in,online/offline,Batch15/ve,,,b15_saurabh0303_025,7QNy41pEU,PT,03-03-2023,31-08-2023,6 Month,Enabled
Kajal Jha,s0.el.vlsiexpert.in,online/offline,Batch15/ve,,,b15_kajaljha0303_026,n37g93W5w,PT,03-03-2023,31-08-2023,6 Month,Enabled
RSPL1,s0.el.vlsiexpert.in,online/offline,RadiantSemi,umar@radiantsemi.com,9.18124E+11,rspl1,92Axpg8u ,"ICC2, PT, DC, StarRC,ICV",01-04-2023,30-06-2023,3 Month,Enabled
RSPL2,s0.el.vlsiexpert.in,online/offline,RadiantSemi,umar@radiantsemi.com,9.18124E+11,rspl2,049PErn6,"ICC2, PT, DC, StarRC,ICV",01-04-2023,30-06-2023,3 Month,Enabled
RSPL3,s0.el.vlsiexpert.in,online/offline,RadiantSemi,umar@radiantsemi.com,9.18124E+11,rspl3,7hKU127p,"ICC2, PT, DC, StarRC,ICV",01-04-2023,30-06-2023,3 Month,Enabled
RSPL4,s0.el.vlsiexpert.in,online/offline,RadiantSemi,umar@radiantsemi.com,9.18124E+11,rspl4,37Bn5kcd,"ICC2, PT, DC, StarRC,ICV",01-04-2023,30-06-2023,3 Month,Enabled
RSPL5,s0.el.vlsiexpert.in,online/offline,RadiantSemi,umar@radiantsemi.com,9.18124E+11,rspl5,vO4A9u7e,"ICC2, PT, DC, StarRC,ICV",01-04-2023,30-06-2023,3 Month,Enabled
Abhichandan kumar panday ,s0.el.vlsiexpert.in,offline,Batch16/ve,abhichandan9805@gmail.com,6393963993,b16_abhi2503_01,abhi@2503,All,25-03-2023,,,
Vaibhav Gupta,s0.el.vlsiexpert.in,offline,Batch16/ve,shubhamgupta926@gmail.com,6394427828,b16_vaibhav2503_02,y3dJ2SOr1,All,25-03-2023,,,
Ashish,corp001s1,online,govlsi,maheshpal.singh@govlsi.com,,gv_ashish,OMfUYze9S,"FC,PT",18-01-2023,12-02-2023,1 Month,Enabled
Prateeksha,corp001s1,online,govlsi,maheshpal.singh@govlsi.com,,gv_prateeksha,AMwo0SB_5,"FC,PT",18-01-2023,12-02-2023,1 Month,Enabled
Deeksha,corp001s1,online,govlsi,maheshpal.singh@govlsi.com,,gv_deeksha,_UV4chloe,"FC,PT",18-01-2023,12-02-2023,1 Month,Enabled
Suhas,corp001s1,online,govlsi,maheshpal.singh@govlsi.com,,gv_suhas,1DdKr08it,"FC,PT",18-01-2023,12-02-2023,1 Month,Enabled
Vijayalakshmi,corp001s1,online,govlsi,maheshpal.singh@govlsi.com,,gv_vijayalakshmi,qQV7wIjo7,"FC,PT",18-01-2023,12-02-2023,1 Month,Enabled
Pradyumna,corp001s1,online,govlsi,maheshpal.singh@govlsi.com,,gn_pradyumna,1E7AICczM,"FC,PT",18-01-2023,12-02-2023,1 Month,Enabled
Neema,corp001s1,online,govlsi,maheshpal.singh@govlsi.com,,gv_neema,NOQez9T6j,"FC,PT",18-01-2023,12-02-2023,1 Month,Enabled
Gowthami,corp001s1,online,govlsi,maheshpal.singh@govlsi.com,,gv_gowthami,6N6fmvKui,"FC,PT",18-01-2023,12-02-2023,1 Month,Enabled
Pratibha,corp001s1,online,govlsi,maheshpal.singh@govlsi.com,,gv_pratibha,qTXu94hX8,"FC,PT",18-01-2023,12-02-2023,1 Month,Enabled
Alekhya,corp001s1,online,govlsi,maheshpal.singh@govlsi.com,,gv_alekhya,tpQpL19bU,"FC,PT",18-01-2023,12-02-2023,1 Month,Enabled
Vaibhav sareen,s0.el.vlsiexpert.in,offline,Batch16/ve,VBHVSAREEN@GMAIL.COM,,b16_vaibhavsareen_03,7O5p7ztA,All,15-04-2023,15-10-2023,6 Month,Enabled
Rishabh Kumar,s0.el.vlsiexpert.in,offline,Batch16/ve,rishabh.19b311039@abes.ac.in,,b16_rishabh_04,Ow365wTD,All,15-04-2023,15-10-2023,6 Month,Enabled
Sonpal,s0.el.vlsiexpert.in,offline,Batch16/ve,sb0364472@gmail.com,,b16_sonpal_05,sonpal@324,All,15-04-2023,15-10-2023,6 Month,Enabled
Devesh Sharma,s0.el.vlsiexpert.in,offline,Batch16/ve,me.deveshsharma23@gmail.com,,b16_devesh_06,Rh990NL2,All,15-04-2023,15-10-2023,6 Month,Enabled
Sayan Das,s0.el.vlsiexpert.in,offline,Batch16/ve,sayan1201616052@gmail.com,,b16_sayan_07,vI4658Ck,All,15-04-2023,15-10-2023,6 Month,Enabled
Radhika,s0.el.vlsiexpert.in,offline,Batch16/ve,radhikagoyal2503@gmail.com,,b16_radhika_09,O63l7lyK,All,15-04-2023,15-10-2023,6 Month,Enabled
Dolan Dolan Kundu,s0.el.vlsiexpert.in,offline,Batch16/ve,Dolan.kundu2015@gmail.com,,b16_dolan_08,gY071CbG,All,15-04-2023,15-10-2023,6 Month,Enabled
Jatin Sharma,s0.el.vlsiexpert.in,offline,Batch16/ve,jatinsharma5256@gmail.com,,b16_jatin_10,0M2dl8Wj,All,15-04-2023,15-10-2023,6 Month,Enabled
Arpit Chaturvedi,s0.el.vlsiexpert.in,offline,Batch16/ve,arpit100.ac@gmail.com,,b16_arpit_11,123#arpit,All,15-04-2023,15-10-2023,6 Month,Enabled
Rama Dubey,s0.el.vlsiexpert.in,offline,Batch16/ve,rpdubey34@gmail.com,,b16_rama_12,qS9x058a,All,15-04-2023,15-10-2023,6 Month,Enabled
Neeraj Gautam,s0.el.vlsiexpert.in,offline,Batch16/ve,Neerajgautamdelhi1@gmail.com,9871798955,b16_ngautam_13,aYN0xW58,All,15-04-2023,15-10-2023,6 Month,Enabled
tmc_vncuser2,s1.el.vlsiexpert.in,online,Tech Mahindra,SC00863275@techmahindra.com,,tmc_vncuser2,qXh429ta,"pt,dc,icc2,starrcx,icv,vcs",15-04-2023,as per tech mahindra,as per tech mahindra,Enabled
tmc_vncuser3,s1.el.vlsiexpert.in,online,Tech Mahindra,SC00863275@techmahindra.com,,tmc_vncuser3,98SL3jVp,"pt,dc,icc2,starrcx,icv,vcs",15-04-2023,as per tech mahindra,as per tech mahindra,Enabled
tmc_vncuser4,s1.el.vlsiexpert.in,online,Tech Mahindra,SC00863275@techmahindra.com,,tmc_vncuser4,aN703WSd,"pt,dc,icc2,starrcx,icv,vcs",15-04-2023,as per tech mahindra,as per tech mahindra,Enabled
tmc_vncuser5,s1.el.vlsiexpert.in,online,Tech Mahindra,SC00863275@techmahindra.com,,tmc_vncuser5,W3jXem41,"pt,dc,icc2,starrcx,icv,vcs",15-04-2023,as per tech mahindra,as per tech mahindra,Enabled
tmc_vncuser6,s1.el.vlsiexpert.in,online,Tech Mahindra,SC00863275@techmahindra.com,,tmc_vncuser6,jv90xH6s,"pt,dc,icc2,starrcx,icv,vcs",15-04-2023,as per tech mahindra,as per tech mahindra,Enabled
tmc_vncuser7,s1.el.vlsiexpert.in,online,Tech Mahindra,SC00863275@techmahindra.com,,tmc_vncuser7,L8J5Um5S,"pt,dc,icc2,starrcx,icv,vcs",15-04-2023,as per tech mahindra,as per tech mahindra,Enabled
tmc_vncuser8,s1.el.vlsiexpert.in,online,Tech Mahindra,SC00863275@techmahindra.com,,tmc_vncuser8,Yaf54G8w,"pt,dc,icc2,starrcx,icv,vcs",15-04-2023,as per tech mahindra,as per tech mahindra,Enabled
tmc_vncuser9,s1.el.vlsiexpert.in,online,Tech Mahindra,SC00863275@techmahindra.com,,tmc_vncuser9,8f3198Cs,"pt,dc,icc2,starrcx,icv,vcs",15-04-2023,as per tech mahindra,as per tech mahindra,Enabled
tmc_vncuser10,s1.el.vlsiexpert.in,online,Tech Mahindra,SC00863275@techmahindra.com,,tmc_vncuser10,295N1tbS,"pt,dc,icc2,starrcx,icv,vcs",15-04-2023,as per tech mahindra,as per tech mahindra,Enabled
tmc_vncuser1,s1.el.vlsiexpert.in,online,Tech Mahindra,SC00863275@techmahindra.com,,tmc_vncuser1,6es1DU5A,"pt,dc,icc2,starrcx,icv,vcs",15-04-2023,as per tech mahindra,as per tech mahindra,Enabled
tmc_vncuser11,s1.el.vlsiexpert.in,online,Tech Mahindra,SC00863275@techmahindra.com,,tmc_vncuser11,t5N4ZS1b,"pt,dc,icc2,starrcx,icv,vcs",15-04-2023,as per tech mahindra,as per tech mahindra,Enabled
tmc_vncuser12,s1.el.vlsiexpert.in,online,Tech Mahindra,SC00863275@techmahindra.com,,tmc_vncuser12,z6q5S888,"pt,dc,icc2,starrcx,icv,vcs",15-04-2023,as per tech mahindra,as per tech mahindra,Enabled
kavita,trg-setups-1,online/offline,VE,,,kavita,ve@kavita,custom_compiler,22-04-2023,20-10-2023,6 Month,Enabled
Bhaskar Joshi,s0.el.vlsiexpert.in,offline,Batch16/ve,bhaskarjoshi1645@gmail.com,9958391168,b16_bhaskarjoshi_14,Ea5M5gR4,All,25-04-2023,20-10-2023,6 Month,Enabled
Subham Mal,s0.el.vlsiexpert.in,offline,Batch16/ve,subhammal5@gmail.com,8436020504,b16_subhammal_15,dMhD855f,All,25-04-2023,20-10-2023,6 Month,Enabled
Varun G,s0.el.vlsiexpert.in,online,REM,chidananda.ms@rprocess.in,,rem_varung2504,pTE6F63Q,,25-04-2023,,,Enabled
Rakshatha R,s0.el.vlsiexpert.in,online,REM,chidananda.ms@rprocess.in,,rem_rakshatha2504,hQfh2r63,,25-04-2023,,,Enabled
Sanjana Singh D,s0.el.vlsiexpert.in,online,REM,chidananda.ms@rprocess.in,,rem_sanjana2504,EWrG6536,,25-04-2023,,,Enabled
Spoorthi H V,s0.el.vlsiexpert.in,online,REM,chidananda.ms@rprocess.in,,rem_spoorthi2504,xt8ED844,,25-04-2023,,,Enabled
Soundarya T G,s0.el.vlsiexpert.in,online,REM,chidananda.ms@rprocess.in,,rem_soundarya2504,T89dN8qc,,25-04-2023,,,Enabled
